validation,prediction_window,feature_group,model,accuracy,precision,recall,f1,roc_auc,pr_auc,balanced_accuracy,tn,fp,fn,tp
stratified_student_group_train_test,day_7,demographic_vle_assessment,XGBoost,0.7073170731707317,0.7365823565700185,0.6937826844857641,0.7145421903052065,0.7789676154377372,0.8041911779170687,0.7081198115311498,2223,854,1054,2388
stratified_student_group_train_test,day_14,demographic_vle_assessment,XGBoost,0.7116122104617273,0.7465277777777778,0.6871005229517723,0.7155824508320726,0.7927083417917458,0.8254951083251584,0.7130660235818335,2274,803,1077,2365
stratified_student_group_train_test,day_28,demographic_vle_assessment,XGBoost,0.7636140512348519,0.81630615640599,0.7126670540383498,0.7609740964789825,0.8503195721966335,0.8832185448773401,0.7666357694631138,2525,552,989,2453
stratified_student_group_train_test,day_56,demographic_vle_assessment,XGBoost,0.8094799815922687,0.8585397653194263,0.7652527600232423,0.8092165898617512,0.8918490866897415,0.9185809528222727,0.812103143092544,2643,434,808,2634
stratified_student_group_train_test,full,demographic_vle_assessment,XGBoost,0.9461573861021629,0.9780389730900093,0.9186519465427078,0.9474157303370786,0.985792227652182,0.9894895678678277,0.9477887617016432,3006,71,280,3162
